userID,username
11227512,fafner
15181839,tloh
748163,catriona
14334925,cjjc
15827493,m2geek
6324852,Unclemase
14986456,fiofo
14073101,ingridtech
15249317,SimonBarker
14261549,worldofquark
7502202,ryan_fung
15175324,cwsterling
15497216,djdresden
14325919,yorkunisu
11385232,lukehmuse
15066544,rach_hitt
14440295,mudads
899701,netik
4818001,sinca
7585352,garyrogers
15526966,jonfriedman
14662269,hotwirepr
9096882,kim_today
15700884,TexasHen
11325622,ernestreyes
14097829,getsmartoregon
15011901,J_Ag
15971017,tomnielsen
15486535,PAN1F
11344582,MusicRVA
14835261,Armybrat08
9570042,daverussell
1958451,lamore
14527271,mosier_histgeek
69053,Aine
14317925,ohsoretro
14845626,Bellebooks
14976738,3onyourside
14858631,prchic
14615625,RuffleButts
9496922,erinnstumpf
14996887,akcdoglovers
15739662,fabiancorrado
14416611,a_view_so_cruel
14452313,torontolibrary
15023805,AlfredAngelo
14420767,BostonMagazine
15845571,ferrarimanf355
14885252,medelita
5125971,AVV
15829139,melollar
14106844,theome
14802389,LisaKDavis
8934412,filipecrosk
14141501,bmcmillan
15432382,mattycallen
8568352,4fthawaiian
8324232,cullenbunn
14396621,oceandog
14200145,dsawyer
15359106,etflint
15192175,Kyle_SoB
15901171,itsallj
11134252,GOP
14213776,mflstc
7748942,vanriper
15481866,karey_miller
15612061,deakat
12031452,empressbren
6753242,FiatChrysler_NA
14086373,emmycaitlin
15434930,acgaughen
795681,cascadian
15842676,tourscotland
11892042,bethchapleau
10460262,bendignan
15957661,michaeldstover
14387200,shoegirlberlin
14719196,FunKelly
6941572,bnout
9680182,lvmonorail
14174554,ATLien
10894882,emlzcole
4370261,juliaschrenkler
9615442,Michael_Coons
14067015,vivianmypham
15955769,trentvanegas
6899432,digipub
14056732,LIVE105
15818706,CANICAMUSIC
15658327,kinseyschofield
7095992,gjeffzombie
11653972,JennyMack
14134839,shaewilbur
7581972,firstshowing
15923700,BWBooks
15694497,what_if_i_said
6169872,hidekih
848901,lcooney
14856642,RedWire75
14259329,AlexiusY
15047168,hamlet423
14294433,matthaverkamp
5417332,JoshFialkov
9199732,roseg
15390272,hisforhome
12375042,LTwoC
14131745,alexplank
14296157,nbc4i
15167003,dafr3ak
14415767,bradrichmond
13824232,by_wjhoward
15743565,upkody
14427595,MBennz
9908752,RViddy
12773112,SandiKLincoln
14143921,Care2
14251373,ResilientMichae
15577388,tomgrady
11418322,snarkarina
7215082,trishayearwood
7614712,KrisKat
15858147,NibbleSwen_Ju
9569412,bonnieupright
15695168,OhWowHmm
9834082,HRHPrinceFrank
8210332,joshandrews
5654712,Chicagoist
9479272,leonardosf
12220322,jfrazier57
12884772,modernpastor
15745182,forthewininc
11054772,Todderm
7197132,Filmtographer
14345325,ericred
14849150,ManChest
15887538,erinduerr
15703806,mahtiezzi
7304322,inkgrrl
14173505,CampaignMonitor
14270874,1RogerP
15657840,itsme_joeym
8923982,wjope
12513912,JackFoxEsq
14901583,Erin_Alexa_
11887042,JohnLacey
1337271,darth
6000922,couturehip
15121846,Rockstar82168
15519127,kevinj13
12200552,TLI_Mark
14504267,fcn
11162312,dj3756
15142015,sv02
14899968,junglecity
11957902,julp
13209542,msteresalynn
12754762,graemem
15914058,OurParents
12727,amandahi
11028602,PennyWolfe
15254388,Julieannefiu
10245552,SusieBlackmon
14342018,Scholastic
14362188,kfletch
15944974,Drew4484
15706235,Chari_S
15050057,mel_understreet
15220474,tnnrdctyl
15247607,Dadcation
14587194,Neptunes_Net
14124059,wsdot
14352485,justinmeader
15035012,afoolofatook
12195082,MarkAPatten
15110090,mikeley
13113792,lightintheattic
11321622,TechnicallyEasy
9319222,ufez
6644402,miss_farin
15756056,KREM2
15957636,VisitVirginia
15272457,joannam66mikey
11211372,NASAWatch
14811951,Wagstv
6612852,orege
15635413,RogueAles
8457602,virtualwolf
6002562,joshuamauldin
7185712,HBK112
6798762,ajfeuerman
15741370,newschannelnine
14848116,direwraithe
15444539,hippiebutter
11175192,rgunhold
11461102,jamileh
15304100,10TV
14535802,tusktaskforce
6686972,christography
15726790,sigepcory
14853684,jruderman
5539902,JeffQuinton
3070141,strangelittleme
15020368,heatherdoll
15323604,HawkeyeGal
7268242,un1crom
15774828,Stayshift
14958819,morohless
7388892,aj_kelton
8472362,SamVH5150
7058252,AnnaZ
14404300,introductions
8418482,IanKath
14995231,juhoardan
14266253,divacowgirl
8143492,thedawson
14391694,ohsnapkid
14564152,CakeFaceTay_
6012992,norabombay
8513352,munin
15004131,ovabear
15415898,sizrhpyhair
10025982,azfamily
11267302,ajproc
15950429,thomaselliott
14680836,Skunkie
15533023,annwallack
14820509,waltb31
14779005,ericoassis
15383644,MrKavcak
14840612,RockDaMullet
15411151,seabreezes
15827541,MiaPerez
15719162,gummby
15591344,bridgeportbrew
7073182,dz
14567861,Maayan_Dar
6983822,jonnybartender
14401450,TheJungleStore
15386145,myclue
14864544,Wrighteous
12442612,inquarters14
12721712,BlackPressRadio
14947224,mollylynch
14102882,TheRealToriNYC
15551992,_Mand_
14766014,tiffanyb
12374692,mediapathic
2585851,kylefblack
14364163,keithrconrad
14272884,lissamcowan
15243900,emilamok
13273872,sandywilcox
15722135,kenanflagler
14680759,jessicacadams
14687803,jaxevents
12095912,gwynnek
823434,shelholtz
11388972,skihomewood
29803,niche
15927003,IowaLinksGirl
15684755,meme2st
6798482,jonathanoosting
15289818,miriamparker
15058411,jackiefloyd
12707222,THUTO
15428715,wendyperrin
6800762,RynonutMom
13722982,verypurple
14947385,msnbme
9379552,jennmartinelli
14294131,IAmSunnyJay
10038842,davidrheins
14237368,ChrisTorres
6107502,asusugah
10463722,thc1972
15036482,van_der_ende
7977382,jaxxbizkit
15484185,danmet
15551795,victoriastiles
15693909,DorothyKingsley
15634296,KronosInc
15057983,HISH_MUSIC
14393497,shagdalen
14932037,protitude
6456482,KeithCowing
15087476,edfromred
15606640,L_coggs
15912860,toomany2choose
14845140,kaitasquini
14583821,tjordan21
11230502,zeekayinfo3
14049267,buenabuena
1592211,kingluis
6951882,KayJxheart
2061471,localcelebrity
14135850,_jason_
15501935,mpav
14297868,SheKnows
10802012,wrtrgrl77
15329159,forever_trust
15054860,ihultquist
13706032,jeannathomas
15009303,TEXASblondie
725213,dlayphoto
15332624,ubackonja
14398729,lumberjackie
15422483,jason_climaco
11645942,jenpoetess
1081531,mikeeperez
5887032,afterglow
12195532,robteed
32693,jtorrey
5859982,tregenza
11345222,_jcsquared
14574323,ricagudelo
801972,emersunn
15580650,JoAnnRoss
14262783,kweenshaker
14754019,Michelle83237
14370739,gazettedotcom
15954012,michaelbrazell
14737271,amcvittie
14159240,RealTimes
34743,sxt
15363385,ClickTheTurtle
14310407,shellyrenea
14467331,RayTaylor
15335778,CathyGellis
1291711,trek
15397836,ShireenJ
15593181,ariesbabe
15094180,jenelleriley
15104150,vulgarhousewife
14984353,klenner
14144715,carrielea
15467920,taraburner
798401,caff
14468325,aleciadavis
14984662,lorinda1434
5119641,Jonnyvongolden
7667092,DeeCapp
14547447,MetroManTO
11867802,kennyma
14846859,JennFowler
15662349,juan_sanshoe
9075622,thekenyeung
6111852,ExitPass
14262772,MarshaCollier
5565802,LisaCollins9
11317282,prlowe91
14720447,AntiBlueFox
15277487,ericheggie
15208020,NMPBS
14937007,xgolferx
10875922,bethanyperkins
3243001,renotahoe
14062141,SoundDessert
14517899,5minutesformom
12084772,AptsForRent
6602302,Fashiontribes
6533132,matthewmcvickar
15588410,T20
15788621,gtrunner
15252159,HAMMER32
15048829,greggyb
15029856,Candicelyn
15211584,Tia_Ford
3797481,JessicaMeigs
15509402,cassieallison
1257761,xtian666
15637419,_BenFranky
14253400,bywillpollock
14973634,jayzombie
15566901,goodhealth
9237452,crystalrenaud
14777796,davidrutledge
15396452,beth1027
7705112,NEENZ
15318615,jhaubein
7867072,peta2
15489076,kelrecruiter
15937845,tori_love
15599390,AutoTrader_com
14596318,jairodriguez
9721292,abc15
14998203,blackoween
15954128,ThatMarieElena
11774542,AliceHill
14859209,hutsoncreative
7913122,mrgianluca
5765512,alainparadis
14663532,KevOz
14593296,lokified
14962545,ChrissyCMT
15165314,Totz_the_Plaid
15337192,paulfbove
15171911,biohzrd4u
5625972,eventbrite
14467566,melondrama
15374695,JimboKennedy93
7720082,Datan0de
14521862,clairnation
14231425,lysss
15923797,KITV4
8133862,devinberg
15394954,boblatta
8069292,debiano
15839478,NewThea
15060134,RouseHouse
10479042,RSanfordSmith
15888894,Ash_hole51
14504625,anahomayoun
7406262,NewsOK
15074642,ElvisPresley
12096412,kevinspellman
15604729,noudles04
14357119,dannylondon
11803052,ssharpe
14390690,DoYouQA
15502064,Chasing_Sav
14450776,SlatersGarage
15663318,daverudden
15399207,pinkonthecheek
713143,Chargers
15383248,JakeVan
15677650,mrJonesey
15895379,rudysarzo
15889456,fraydog
14708814,hartfordcourant
14939814,_greyjen
1837381,adamnstewart
15786747,Jaqi_Applesin
14707481,relishdress
13371002,kylelowe
7607132,pauljacobs4real
2027381,TuesdayGirl
2685011,wintwins
7278632,JohnXSMIV
15554255,JujitsuBlog
14279598,dinodaizovi
14827375,JakePlanton
14307866,dragonfly777
15691291,terra360
15798244,BonnieBlue85
15484530,theapes
15908593,sharialexander
9647322,DonnieBo
15145355,TheCLJ
14619600,ryeisenberg
1262371,Nymo
14354741,mandasuzy
15385625,jennab113
12388912,AminalHungy007
15925748,tesuit
14982477,eventsbyelaine
15221581,mynameisheather
15244760,nellokie
15293352,StacieinAtlanta
14561422,curtyb
14160801,GQBound
4359071,Folf
14807371,lmack
7081402,bonniegrrl
14701191,adamhopelies
14155406,SolinaLindahl
6600872,RealMikeT
15896161,kcyalao
15730225,brittnik
14414803,rbrosemer
15179770,SheilaWalsh
15571428,GrahamKHarper
12831902,texmed
14137737,acarboni
10135372,scottberry
14584466,Bennijin
14848078,alecperkins
15964635,nickf__
13081452,jsanford
15971896,KarenHarrisonKC
15349922,Carriepeters
2187881,DRxUGdealer
12356582,Attractions
15915992,SylvusTheSlayer
15247112,bjlincoln
795816,maxasaurus
820271,MaxGenecov
14804295,justinboots
14628684,james_hunter
14340736,interactivemark
9113072,EntEarth
2877541,girlgamy
15176423,DominickAlbano3
15447628,jayysenn
6545742,ebetsy
15240048,LFarnsworth
15562400,xingcat
14644712,lauradepeel
14762979,debrahermsmeier
14464995,MrGunnerScott
14281066,agent3012
1792571,heydusti
15780749,catherineweber
14161045,4EverInsane
15666502,VTartak
15788831,GiGiDiazLIVE
12980002,CtBrokerRoks
14120525,robstar
9406902,tallcathy
15601986,Selestina118
14328272,BruceClayInc
9166602,thesurfreport
12990922,ARealGirl
15785297,ErrorEric
13461502,jontheroadagain
14717402,JasonKimbrow
1586621,AshSueHart
14941525,AnimeExpo
14522185,runswithpup
13885932,daveatkins
794355,danemorgan
15635188,iamthejer
15265755,josephporcelli
10682742,mreader
7412292,afruiz87
9823892,SandBurrito
15448929,Phoebe_Jordan
14376739,emlong
8236812,jaobrunelli
14170934,overnightprints
15462243,jeansynodinos
9660672,ESSEXMA
7454862,jupin
15359636,leftoverleftist
3370001,kegill
10723152,brew_york
5911502,walrusmuse
15957658,AnnWheet
15098864,MarioPadilla
14982315,JamesGunn
14439912,Lingers
15731620,Art_by_Brina
14472321,JEvilRegal91
15634934,dodgeandrew
15665376,Mthunder15
13705512,theleslieross
6966872,HenryKess
15524929,aloha_aina
14301652,jonswerens
13251282,johnny_hate
14544396,flacks
15460698,madmelo
15853482,tendocom
7465622,Principia
14062948,NickiLaycoax
14296230,KristinaHorner
14214964,ianapharri
14376766,Mobi_WanKenobi
15384930,andymatthews
12993502,JimiWikman
7111382,suketutalekar
15625837,GrimGrinninJay
14543042,habs25
15267036,easthawaiiarts
6462892,rhiannonrevolts
14582285,kingfisherworld
14599328,Gomisan
15156570,Speakster
15226052,TheAshleyAttack
